[
  {
    "datetime": "2024-09-07T07:03:38.681Z",
    "username": "admin",
    "type": "login"
  },
  {
    "datetime": "2024-09-07T07:04:04.908Z",
    "username": "admin",
    "type": "add-to-cart"
  },
  {
    "datetime": "2024-09-07T07:10:44.633Z",
    "username": "admin",
    "type": "login"
  },
  {
    "datetime": "2024-09-07T07:12:55.998Z",
    "username": "admin",
    "type": "logout"
  },
  {
    "datetime": "2024-09-07T07:13:02.899Z",
    "username": "naveh6",
    "type": "login"
  },
  {
    "datetime": "2024-09-07T18:38:25.221Z",
    "username": "naveh6",
    "type": "login"
  },
  {
    "datetime": "2024-09-07T18:38:48.406Z",
    "username": "naveh6",
    "type": "login"
  },
  {
    "datetime": "2024-09-07T19:01:22.372Z",
    "username": "naveh6",
    "type": "add-to-cart"
  },
  {
    "datetime": "2024-09-07T19:01:51.503Z",
    "username": "admin",
    "type": "login"
  },
  {
    "datetime": "2024-09-07T19:02:50.812Z",
    "username": "admin",
    "type": "add-to-cart"
  },
  {
    "datetime": "2024-09-07T19:28:05.977Z"
  },
  {
    "datetime": "2024-09-07T19:28:06.948Z"
  },
  {
    "datetime": "2024-09-07T19:28:07.990Z"
  },
  {
    "datetime": "2024-09-07T19:28:08.351Z"
  },
  {
    "datetime": "2024-09-07T20:12:40.167Z",
    "username": "admin",
    "type": "login"
  },
  {
    "datetime": "2024-09-07T20:13:09.335Z"
  },
  {
    "datetime": "2024-09-07T20:13:12.550Z"
  },
  {
    "datetime": "2024-09-07T20:13:12.732Z"
  },
  {
    "datetime": "2024-09-07T20:13:16.211Z"
  },
  {
    "datetime": "2024-09-07T20:13:24.397Z"
  },
  {
    "datetime": "2024-09-07T20:15:54.284Z",
    "username": "admin",
    "type": "add-to-cart"
  },
  {
    "datetime": "2024-09-07T20:18:46.506Z",
    "username": "admin",
    "type": "add-to-cart"
  },
  {
    "datetime": "2024-09-07T20:22:04.807Z",
    "username": "admin",
    "type": "add-to-cart"
  },
  {
    "datetime": "2024-09-07T20:22:08.272Z",
    "username": "admin",
    "type": "logout"
  },
  {
    "datetime": "2024-09-07T20:22:17.023Z",
    "username": "admin",
    "type": "login"
  },
  {
    "datetime": "2024-09-07T20:22:27.206Z",
    "username": "admin",
    "type": "add-to-cart"
  },
  {
    "datetime": "2024-09-07T20:29:19.252Z",
    "username": "admin",
    "type": "checkout"
  },
  {
    "datetime": "2024-09-08T00:33:08.238Z",
    "username": "naveh6",
    "type": "login"
  },
  {
    "datetime": "2024-09-08T01:44:02.814Z",
    "username": "naveh6",
    "type": "add-to-cart"
  },
  {
    "datetime": "2024-09-08T02:21:42.753Z",
    "username": "naveh6",
    "type": "add-to-cart"
  },
  {
    "datetime": "2024-09-08T09:21:34.457Z",
    "username": "naveh1",
    "type": "changed-password"
  },
  {
    "datetime": "2024-09-08T09:27:20.969Z",
    "username": "naveh1",
    "type": "changed-password"
  },
  {
    "datetime": "2024-09-08T14:56:44.369Z",
    "username": "naveh1",
    "type": "logout"
  },
  {
    "datetime": "2024-09-08T15:02:54.758Z",
    "type": "logout"
  },
  {
    "datetime": "2024-09-08T15:11:15.734Z",
    "username": "naveh3",
    "type": "login"
  },
  {
    "datetime": "2024-09-08T19:03:26.519Z",
    "username": "naveh3",
    "type": "add-to-cart"
  },
  {
    "datetime": "2024-09-08T19:06:08.740Z",
    "username": "naveh3",
    "type": "logout"
  },
  {
    "datetime": "2024-09-08T19:07:29.772Z",
    "username": "naveh1",
    "type": "login"
  },
  {
    "datetime": "2024-09-08T19:31:32.529Z",
    "username": "naveh1",
    "type": "add-to-cart"
  },
  {
    "datetime": "2024-09-08T19:38:01.998Z",
    "username": "naveh1",
    "type": "login"
  },
  {
    "datetime": "2024-09-08T21:31:49.970Z",
    "username": "naveh1",
    "type": "add-to-cart"
  },
  {
    "datetime": "2024-09-08T21:32:06.670Z",
    "username": "naveh1",
    "type": "add-to-cart"
  },
  {
    "datetime": "2024-09-08T21:33:48.083Z",
    "username": "naveh1",
    "type": "add-to-cart"
  },
  {
    "datetime": "2024-09-08T21:33:50.581Z",
    "username": "naveh1",
    "type": "add-to-cart"
  },
  {
    "datetime": "2024-09-08T21:52:18.611Z",
    "username": "naveh1",
    "type": "add-to-cart"
  },
  {
    "datetime": "2024-09-08T21:53:20.173Z",
    "username": "naveh1",
    "type": "add-to-cart"
  },
  {
    "datetime": "2024-09-08T22:20:22.371Z",
    "username": "naveh1",
    "type": "add-to-cart"
  },
  {
    "datetime": "2024-09-08T22:20:30.495Z",
    "username": "naveh1",
    "type": "add-to-cart"
  },
  {
    "datetime": "2024-09-08T22:20:57.241Z",
    "username": "naveh1",
    "type": "add-to-cart"
  },
  {
    "datetime": "2024-09-08T22:21:37.957Z",
    "username": "naveh1",
    "type": "add-to-cart"
  },
  {
    "datetime": "2024-09-08T22:32:51.216Z",
    "username": "naveh1",
    "type": "logout"
  },
  {
    "datetime": "2024-09-08T22:33:53.907Z",
    "username": "naveh5",
    "type": "login"
  },
  {
    "datetime": "2024-09-09T00:01:46.881Z",
    "username": "naveh5",
    "type": "logout"
  },
  {
    "datetime": "2024-09-09T00:02:23.017Z",
    "type": "logout"
  },
  {
    "datetime": "2024-09-09T00:02:45.555Z",
    "username": "admin",
    "type": "login"
  },
  {
    "datetime": "2024-09-09T00:50:25.598Z",
    "username": "admin",
    "type": "logout"
  },
  {
    "datetime": "2024-09-09T00:53:07.988Z",
    "type": "logout"
  },
  {
    "datetime": "2024-09-09T00:53:14.675Z",
    "username": "admin",
    "type": "login"
  },
  {
    "datetime": "2024-09-09T00:53:57.701Z",
    "username": "admin",
    "type": "logout"
  },
  {
    "datetime": "2024-09-09T00:54:09.102Z",
    "username": "admin",
    "type": "login"
  },
  {
    "datetime": "2024-09-09T00:55:56.280Z",
    "username": "admin",
    "type": "logout"
  },
  {
    "datetime": "2024-09-09T00:56:01.771Z",
    "username": "admin",
    "type": "login"
  },
  {
    "datetime": "2024-09-09T02:07:47.793Z",
    "username": "admin",
    "type": "logout"
  },
  {
    "datetime": "2024-09-09T02:07:51.810Z",
    "username": "admin",
    "type": "login"
  },
  {
    "datetime": "2024-09-09T04:33:14.800Z",
    "username": "admin",
    "type": "checkout"
  },
  {
    "datetime": "2024-09-09T04:34:43.369Z",
    "username": "admin",
    "type": "logout"
  },
  {
    "datetime": "2024-09-09T04:37:10.624Z",
    "username": "admin",
    "type": "login"
  },
  {
    "datetime": "2024-09-09T05:42:45.123Z",
    "username": "admin",
    "type": "login"
  }
]