[
  {
    "username": "naveh1",
    "password": "navehtest1",
    "rememberMe": false,
    "address": ""
  },
  {
    "username": "naveh1",
    "password": "navehpass1",
    "rememberMe": false
  },
  {
    "username": "naveh2",
    "password": "navehtest2",
    "rememberMe": false
  },
  {
    "username": "naveh3",
    "password": "naveh3test",
    "rememberMe": false
  },
  {
    "username": "admin",
    "password": "admin",
    "rememberMe": false
  },
  {
    "username": "naveh5",
    "password": "Navehtest5",
    "rememberMe": false
  },
  {
    "username": "naveh4",
    "password": "navehtest6",
    "rememberMe": false
  },
  {
    "username": "AlonPulver",
    "password": "bbznot",
    "rememberMe": false
  },
  {
    "username": "fsdfsdus4!!!@#$R43frawfa",
    "password": "123456",
    "rememberMe": false
  },
  {
    "username": "test10",
    "password": "echo\"shubi\">shubi1.txt",
    "rememberMe": false
  },
  {
    "username": "fdsjfsd###*#(#@$$#@@%TGFgDFGFD&gt;&gt;daf22",
    "password": "vjdfjsdfs22284e8AAGFD",
    "rememberMe": false
  }
]